,238_frequency_buying_store,81_number_online_purchases_month,288_number_app_purchases_month,289_number_whatsapp_purchases_month,83_willingness_ultrafast_delivery,84_willingness_sameday_delivery,241_age_of_the_interviewee,_title,_server_updated_at,_updated_by,_geometry,282_payment_method_that_purchase,283_fulfill_needs,300_did_not_find,237_distance_household_interviewee,299_means_transportation_consumer,238_frequency_buying_store,284_additional_products_store,301_electricity_bill,305_electricity_bill_store,302_water_bill,306_water_bill_store,303_gas_bill,307_gas_bill_store,286_topups,308_topups_in_store,287_wire_transfers,309_wiretransfers_in_store,320_other_services_in_store,304_additional_services_store,240_gender_interviewee,indicate_the_type_of_store,name_of_the_store,storefront_picture_just_once_if_possible
0,1.0,1.0,0.0,0.0,0.0,0.0,35.0,"November 12, 2022",2022-11-12 22:43:08 UTC,Ulises Núñez Bautista,SRID=4326;POINT(-98.2349802856 19.0598413203),Efectivo,no,agua de coco,0 a 3 cuadras,A pie,1,0,Tienda de conveniencia (e.g. OXXO),no,Sistema de agua,no,Proveedor de gas,no,No lo hago,no,Banco,no,no,0,Male,Cafeteria,Paleteria El Carmen,0
1,1.0,1.0,2.0,0.0,35.0,50.0,27.0,"November 12, 2022",2022-11-12 22:15:02 UTC,Salomon Abdala Perez,SRID=4326;POINT(-98.2335660729 19.05847939),Efectivo,yes,0,7 a 10 cuadras,A pie,1,0,Tienda de conveniencia (e.g. OXXO),no,Sistema de agua,no,Proveedor de gas,no,Tienda de conveniencia (e.g. OXXO),no,Banco,no,no,0,Female,Grocery store (aka. nanostore),Gerardo Saénz,0
2,1.0,0.0,0.0,0.0,40.0,25.0,42.0,"November 12, 2022",2022-11-12 22:15:02 UTC,Salomon Abdala Perez,SRID=4326;POINT(-98.2303385023 19.0620767997),Efectivo,yes,0,más de 10 cuadras,Automóvil,1,0,CFE,yes,Tienda de conveniencia (e.g. OXXO),yes,Proveedor de gas,yes,"Supermercado,Tienda de conveniencia (e.g. OXXO)",yes,Banco,no,no,0,Female,Micro-restaurant (aka. fondita),Rozt,1 Photo
3,1.0,2.0,3.0,0.0,0.0,0.0,27.0,"November 12, 2022",2022-11-12 20:41:38 UTC,Jorge Alberto Ostorga Flores,SRID=4326;POINT(-98.2329163449 19.0555346049),Tarjeta de débito y/o crédito,yes,0,4 a 6 cuadras,Motocicleta,1,0,Supermercado,no,Supermercado,no,Proveedor de gas,no,No lo hago,no,Banco,no,no,0,Female,Cafeteria,Café Colibrí,1 Photo
4,1.0,2.0,5.0,0.0,0.0,50.0,35.0,"November 12, 2022",2022-11-12 19:49:13 UTC,Jorge Alberto Ostorga Flores,SRID=4326;POINT(-98.2329944224 19.0590117522),Efectivo,yes,0,más de 10 cuadras,Transporte público,1,0,CFE,no,Supermercado,no,Proveedor de gas,no,Supermercado,no,No lo hago,no,no,0,Female,Cafeteria,La fête,1 Photo
5,1.0,0.0,0.0,0.0,35.1,70.0,28.7,"November 11, 2022",2022-11-12 00:08:22 UTC,Sergio Licea,SRID=4326;POINT(-98.1972511858 19.0486443867),Efectivo,yes,0,más de 10 cuadras,Transporte público,1,0,CFE,yes,Banco,yes,Banco,yes,Tienda de conveniencia (e.g. OXXO),yes,No lo hago,no,no,0,Female,Grocery store (aka. nanostore),Dulcerías Candy,1 Photo
6,1.0,1.0,7.0,2.0,35.1,100.0,30.0,"November 11, 2022",2022-11-11 23:38:10 UTC,Sergio Licea,SRID=4326;POINT(-98.1953940913 19.0476993375),Efectivo,yes,0,más de 10 cuadras,Automóvil,1,0,Tienda de conveniencia (e.g. OXXO),no,Sistema de agua,no,Tienda de conveniencia (e.g. OXXO),no,"Supermercado,Tienda de conveniencia (e.g. OXXO)",yes,Tienda de conveniencia (e.g. OXXO),no,no,0,Female,Artículos del hogar,SUPER & ALMACENES AW,1 Photo
7,1.0,1.0,0.0,0.0,80.0,80.0,38.0,"November 4, 2022",2022-11-11 23:12:50 UTC,Hiram Jiménez,SRID=4326;POINT(-98.3104972 19.0644612),Efectivo,yes,0,más de 10 cuadras,Transporte público,1,0,Tienda de conveniencia (e.g. OXXO),yes,"No lo hago,Sistema de agua",yes,Proveedor de gas,yes,Tienda de conveniencia (e.g. OXXO),yes,No lo hago,yes,no,0,Female,Butcher shop,Carniceria la sorpresa ,1 Photo
8,3.0,0.0,0.0,0.0,100.0,100.0,18.0,"November 9, 2022",2022-11-11 22:08:26 UTC,José Varela,SRID=4326;POINT(-98.3113835 19.060884),Efectivo,yes,0,7 a 10 cuadras,A pie,3,0,CFE,yes,Sistema de agua,yes,Proveedor de gas,yes,"Fonda,Tiendita",yes,Banco,yes,yes,Ninguno,Male,Grocery store (aka. nanostore),Tienda Jaime,1 Photo
9,2.0,1.0,4.0,0.0,8.0,8.0,20.0,"November 10, 2022",2022-11-11 17:23:45 UTC,Manuel Flores,SRID=4326;POINT(-98.2154550929 19.0183906637),Efectivo,yes,0,0 a 3 cuadras,A pie,2,0,Tienda de conveniencia (e.g. OXXO),yes,No lo hago,yes,Tienda de conveniencia (e.g. OXXO),yes,"Tienda de conveniencia (e.g. OXXO),Tiendita",yes,Tienda de conveniencia (e.g. OXXO),yes,no,0,Female,Grocery store (aka. nanostore),Frutas y snack bar,2 Photos
10,5.0,2.0,5.0,0.0,8.0,8.0,21.0,"November 10, 2022",2022-11-11 17:23:44 UTC,Manuel Flores,SRID=4326;POINT(-98.215541169 19.0183779545),Efectivo,yes,0,0 a 3 cuadras,Automóvil,5,0,Tienda de conveniencia (e.g. OXXO),yes,Sistema de agua,yes,Proveedor de gas,yes,No lo hago,no,No lo hago,yes,yes,Papeleria,Male,Grocery store (aka. nanostore),Los 3 compadres,1 Photo
11,1.0,0.0,0.0,0.2,35.1,100.0,32.0,"November 10, 2022",2022-11-11 04:39:34 UTC,Sergio Licea,SRID=4326;POINT(-98.2007074 19.048506),Efectivo,yes,0,más de 10 cuadras,Transporte público,1,0,CFE,yes,Sistema de agua,yes,Proveedor de gas,yes,Tienda de conveniencia (e.g. OXXO),yes,"Banco,Tienda de conveniencia (e.g. OXXO)",yes,yes,"Pago de luz, recargas telefónicas ",Female,Grocery store (aka. nanostore),Dulceria La Económica ,0
12,2.0,1.0,0.0,0.0,20.0,0.0,40.0,"November 10, 2022",2022-11-10 20:29:12 UTC,Daniel Serrano,SRID=4326;POINT(-98.2632802 19.0345269),Efectivo,yes,0,0 a 3 cuadras,A pie,2,0,"CFE,Tiendita",yes,"Sistema de agua,Tiendita",yes,Proveedor de gas,no,"Tienda de conveniencia (e.g. OXXO),Tiendita",yes,"Banco,Tienda de conveniencia (e.g. OXXO)",no,no,0,Male,Butcher shop,Pollería ,1 Photo
13,2.0,2.0,0.0,0.0,15.0,15.0,30.0,"November 10, 2022",2022-11-10 20:25:37 UTC,Daniel Serrano,SRID=4326;POINT(-98.2632757723 19.0344490665),Efectivo,yes,0,4 a 6 cuadras,A pie,2,0,CFE,no,Sistema de agua,no,Proveedor de gas,no,Tienda de conveniencia (e.g. OXXO),yes,Banco,no,no,0,Female,Butcher shop,Pollería ,1 Photo
14,1.0,2.0,1.0,0.0,25.0,10.0,35.0,"November 10, 2022",2022-11-10 20:19:09 UTC,Daniel Serrano,SRID=4326;POINT(-98.2625455409 19.0356886303),Efectivo,yes,0,4 a 6 cuadras,A pie,1,0,CFE,yes,Sistema de agua,yes,Proveedor de gas,no,"Tienda de conveniencia (e.g. OXXO),Tiendita",yes,Banco,no,yes,Pago de servicios,Male,Grocery store (aka. nanostore),Urigama,1 Photo
15,3.0,1.0,0.0,0.0,25.0,30.0,14.0,"November 10, 2022",2022-11-10 20:06:53 UTC,Daniel Serrano,SRID=4326;POINT(-98.2625173777 19.035646794),Efectivo,yes,0,4 a 6 cuadras,A pie,3,0,No lo hago,no,No lo hago,no,No lo hago,no,No lo hago,no,No lo hago,no,no,0,Male,Grocery store (aka. nanostore),Urigama,1 Photo
16,1.0,2.0,0.0,0.0,50.0,20.0,25.0,"November 10, 2022",2022-11-10 20:01:37 UTC,Daniel Serrano,SRID=4326;POINT(-98.2624756 19.0357912),Efectivo,yes,0,7 a 10 cuadras,A pie,1,0,CFE,no,Sistema de agua,no,Proveedor de gas,no,Tienda de conveniencia (e.g. OXXO),no,Banco,no,no,0,Male,Grocery store (aka. nanostore),Croquetería & accesorios para tu mascota,1 Photo
17,2.0,0.0,0.0,0.0,15.0,15.0,54.0,"November 10, 2022",2022-11-10 19:56:19 UTC,Daniel Serrano,SRID=4326;POINT(-98.2623266056 19.0361783046),Efectivo,yes,0,0 a 3 cuadras,A pie,2,0,"Supermercado,Tienda de conveniencia (e.g. OXXO),Tiendita",no,"Sistema de agua,Tienda de conveniencia (e.g. OXXO),Tiendita",no,"Proveedor de gas,Supermercado,Tienda de conveniencia (e.g. OXXO),Tiendita",no,"Tienda de conveniencia (e.g. OXXO),Tiendita",no,Tienda de conveniencia (e.g. OXXO),no,no,0,Female,Dairy products,Don Beto ,1 Photo
18,5.0,2.0,0.0,0.0,10.0,10.0,46.0,"November 10, 2022",2022-11-10 19:50:41 UTC,Manuel Flores,SRID=4326;POINT(-98.2170814276 19.0197941918),Efectivo,yes,0,0 a 3 cuadras,A pie,5,0,Tienda de conveniencia (e.g. OXXO),no,Banco,no,"Banco,Tienda de conveniencia (e.g. OXXO)",no,Tienda de conveniencia (e.g. OXXO),yes,"Banco,Tienda de conveniencia (e.g. OXXO)",no,no,0,Male,Grocery store (aka. nanostore),La aztorga,2 Photos
19,3.0,0.0,1.0,0.0,20.0,20.0,22.0,"November 10, 2022",2022-11-10 19:50:36 UTC,Daniel Serrano,SRID=4326;POINT(-98.2626327127 19.0364229827),Transferencia interbancaria,no,Pechugas,4 a 6 cuadras,A pie,3,Queso,"CFE,Tienda de conveniencia (e.g. OXXO)",yes,Sistema de agua,yes,Proveedor de gas,yes,No lo hago,no,Tienda de conveniencia (e.g. OXXO),no,yes,Pagos de servicios públicos y más variedad de quesos,Male,Produce (fruits & vegetables),Pollería Rosi ,1 Photo
20,2.0,3.0,1.0,0.0,30.0,15.0,40.0,"November 10, 2022",2022-11-10 19:42:10 UTC,Daniel Serrano,SRID=4326;POINT(-98.2626444474 19.0363551575),Efectivo,yes,0,más de 10 cuadras,Automóvil,2,0,CFE,no,Sistema de agua,no,Proveedor de gas,no,No lo hago,no,"No lo hago,transferencia ",no,no,0,Female,Produce (fruits & vegetables),Pollería Rosi ,1 Photo
21,1.0,2.0,1.0,0.0,40.0,20.0,19.0,"November 10, 2022",2022-11-10 19:33:38 UTC,Fernando Gonzálezinactivo,SRID=4326;POINT(-98.263451 19.0367483),Efectivo,yes,0,más de 10 cuadras,Automóvil,1,0,Tienda de conveniencia (e.g. OXXO),yes,Internet,yes,Proveedor de gas,no,Tienda de conveniencia (e.g. OXXO),yes,No lo hago,no,yes,Pago de servicios,Male,Grocery store (aka. nanostore),Miscelanea Juquilita,1 Photo
22,3.0,0.0,0.0,0.0,15.0,30.0,27.0,"November 10, 2022",2022-11-10 19:33:22 UTC,Daniel Serrano,SRID=4326;POINT(-98.2635697 19.0366637),Efectivo,yes,0,4 a 6 cuadras,A pie,3,0,CFE,yes,Sistema de agua,yes,Proveedor de gas,yes,Tienda de conveniencia (e.g. OXXO),yes,"Supermercado,Tienda de conveniencia (e.g. OXXO),Tiendita",no,no,0,Female,Dairy products,Misc. Juquilita ,1 Photo
23,2.0,2.0,5.0,0.0,35.1,150.0,18.0,"November 3, 2022",2022-11-10 00:58:39 UTC,Fernando Gonzálezinactivo,SRID=4326;POINT(-98.2641572133 19.0345641171),Efectivo,yes,0,más de 10 cuadras,Transporte público,2,0,No lo hago,yes,No lo hago,yes,No lo hago,yes,No lo hago,yes,No lo hago,no,no,0,Male,Grocery store (aka. nanostore),Minisuper Rayitas,1 Photo
24,1.0,1.0,0.0,0.0,100.0,150.0,18.0,"November 3, 2022",2022-11-10 00:58:39 UTC,Fernando Gonzálezinactivo,SRID=4326;POINT(-98.2666610554 19.0351390524),Efectivo,yes,0,más de 10 cuadras,Transporte público,1,0,No lo hago,no,No lo hago,no,No lo hago,no,No lo hago,no,No lo hago,no,no,0,Male,Grocery store (aka. nanostore),La Universal,1 Photo
25,1.0,1.0,0.0,0.0,100.0,100.0,15.0,"November 3, 2022",2022-11-10 00:58:38 UTC,Fernando Gonzálezinactivo,SRID=4326;POINT(-98.2671411708 19.0352819935),Tarjeta de débito y/o crédito,yes,0,más de 10 cuadras,Automóvil,1,0,No lo hago,no,No lo hago,no,No lo hago,no,No lo hago,no,No lo hago,no,no,0,Male,Micro-restaurant (aka. fondita),Taquería Don Jorge,1 Photo
26,1.0,0.0,0.0,0.0,50.0,30.0,28.7,"November 7, 2022",2022-11-10 00:01:22 UTC,Leoncio Mora Díaz,SRID=4326;POINT(-98.2488074989 19.0315343616),Tarjeta de débito y/o crédito,yes,0,0 a 3 cuadras,A pie,1,0,CFE,no,Sistema de agua,no,Proveedor de gas,no,No lo hago,no,Banco,no,no,0,Male,Grocery store (aka. nanostore),Aren salón de belleza ,1 Photo
27,5.0,1.8,2.0,0.0,39.0,0.0,35.0,"November 7, 2022",2022-11-10 00:01:22 UTC,Leoncio Mora Díaz,SRID=4326;POINT(-98.2492553477 19.0258156295),Transferencia interbancaria,yes,0,7 a 10 cuadras,Automóvil,5,0,App,yes,App,yes,Automático ,yes,Plan ,yes,Banco,yes,no,0,Female,Micro-restaurant (aka. fondita),Con sabor a hogar ,1 Photo
28,1.0,2.0,2.0,0.0,25.0,25.0,18.0,"November 7, 2022",2022-11-10 00:00:57 UTC,Pablo Jesús Pérez Franklin,SRID=4326;POINT(-98.2488052547 19.0319169806),Tarjeta de débito y/o crédito,yes,0,más de 10 cuadras,Automóvil,1,0,Tienda de conveniencia (e.g. OXXO),yes,Sistema de agua,yes,Proveedor de gas,yes,Tienda de conveniencia (e.g. OXXO),yes,"Banco,Tienda de conveniencia (e.g. OXXO)",yes,no,0,Male,Grocery store (aka. nanostore),SIX,0
29,1.0,1.0,1.0,2.0,15.0,60.0,20.0,"November 7, 2022",2022-11-10 00:00:56 UTC,Pablo Jesús Pérez Franklin,SRID=4326;POINT(-98.2489068434 19.0313727784),Efectivo,yes,0,más de 10 cuadras,Transporte público,1,0,Tienda de conveniencia (e.g. OXXO),no,Sistema de agua,no,Proveedor de gas,no,Tienda de conveniencia (e.g. OXXO),no,"Banco,Tienda de conveniencia (e.g. OXXO)",no,yes,Pago con tarjeta,Male,Cafeteria,Tortas el primo ,1 Photo
30,1.0,5.0,6.0,0.2,35.1,200.0,38.0,"November 7, 2022",2022-11-10 00:00:56 UTC,Pablo Jesús Pérez Franklin,SRID=4326;POINT(-98.2494191453 19.0267601411),Tarjeta de débito y/o crédito,yes,0,7 a 10 cuadras,Automóvil,1,0,CFE,no,"Sistema de agua,Tienda de conveniencia (e.g. OXXO)",no,Proveedor de gas,no,Tienda de conveniencia (e.g. OXXO),no,"Banco,Tienda de conveniencia (e.g. OXXO)",no,no,0,Male,Cafeteria,DON MOY,1 Photo
31,1.9,0.0,0.0,0.0,50.0,50.0,65.0,"November 7, 2022",2022-11-10 00:00:53 UTC,Pablo Jesús Pérez Franklin,SRID=4326;POINT(-98.2502124086 19.0265566535),Efectivo,yes,0,0 a 3 cuadras,A pie,7,0,Tienda de conveniencia (e.g. OXXO),yes,Sistema de agua,yes,Proveedor de gas,no,Tienda de conveniencia (e.g. OXXO),yes,Banco,yes,no,0,Female,Grocery store (aka. nanostore),"FRUTAS, VERDURAS Y ABARROTES D’NYS",1 Photo
32,4.0,1.0,0.0,0.0,50.0,100.0,42.0,"November 7, 2022",2022-11-10 00:00:52 UTC,Pablo Jesús Pérez Franklin,SRID=4326;POINT(-98.2492511719 19.0256704332),Efectivo,yes,0,7 a 10 cuadras,Automóvil,4,0,"CFE,Celular (aplicación)",yes,Sistema de agua,yes,Proveedor de gas,no,Tienda de conveniencia (e.g. OXXO),yes,Tienda de conveniencia (e.g. OXXO),no,yes,Servicio de recarga ,Female,Produce (fruits & vegetables),ABARROTES FRUTAS Y VERDURAS “HERNÁNDEZ”,1 Photo
33,4.0,6.0,4.0,0.0,50.0,50.0,50.0,"November 7, 2022",2022-11-10 00:00:52 UTC,Pablo Jesús Pérez Franklin,SRID=4326;POINT(-98.2491542771 19.025403552),Efectivo,yes,0,más de 10 cuadras,Automóvil,4,0,Aplicación ,yes,Sistema de agua,yes,Proveedor de gas,no,Tienda de conveniencia (e.g. OXXO),yes,No lo hago,no,yes,Alimentos como pollo,Male,Grocery store (aka. nanostore),Misceláneas San Juditas,1 Photo
34,4.0,2.0,2.0,0.0,30.0,30.0,20.0,"November 4, 2022",2022-11-09 23:32:33 UTC,José Zapata,SRID=4326;POINT(-98.217873 19.01854),Efectivo,yes,0,0 a 3 cuadras,A pie,4,0,CFE,yes,Sistema de agua,yes,Aplicación,yes,Tienda de conveniencia (e.g. OXXO),yes,Tienda de conveniencia (e.g. OXXO),yes,yes,Pagos,Male,Grocery store (aka. nanostore),Recaudattán,1 Photo
35,1.9,0.0,0.0,0.0,0.0,0.0,28.7,"November 9, 2022",2022-11-09 23:19:13 UTC,Amaranta Hernández,SRID=4326;POINT(-98.166423887 19.072236547),Efectivo,yes,0,0 a 3 cuadras,A pie,7,0,CFE,no,Sistema de agua,no,Proveedor de gas,no,"Farmacia ,Tienda de conveniencia (e.g. OXXO)",yes,No lo hago,no,no,0,Female,Grocery store (aka. nanostore),ILYA PAPELERÍA ,1 Photo
36,5.0,3.0,1.0,0.0,0.0,0.0,33.0,"November 9, 2022",2022-11-09 23:19:12 UTC,Amaranta Hernández,SRID=4326;POINT(-98.1656574458 19.0723740694),Efectivo,yes,0,0 a 3 cuadras,A pie,5,0,App,no,App,no,App,no,App,yes,No lo hago,no,no,0,Female,Micro-restaurant (aka. fondita),Antojitos ,1 Photo
37,2.0,2.0,1.0,0.0,0.0,0.0,21.0,"November 9, 2022",2022-11-09 23:19:12 UTC,Amaranta Hernández,SRID=4326;POINT(-98.1666609272 19.0697383098),Efectivo,yes,0,4 a 6 cuadras,A pie,2,0,No lo hago,no,No lo hago,no,No lo hago,no,No lo hago,no,No lo hago,no,no,0,Female,Grocery store (aka. nanostore),El supercito ,1 Photo
38,1.0,4.0,9.0,0.0,0.0,0.0,18.0,"November 9, 2022",2022-11-09 23:19:11 UTC,Amaranta Hernández,SRID=4326;POINT(-98.1665194407 19.0696236004),Efectivo,yes,0,más de 10 cuadras,Transporte público,1,0,"CFE,En línea ",no,En línea ,no,"En línea ,Proveedor de gas",no,Tienda de conveniencia (e.g. OXXO),no,No lo hago,no,no,0,Female,Micro-restaurant (aka. fondita),Café Donatelli,1 Photo
39,1.0,2.0,0.0,0.0,0.0,0.0,18.0,"November 9, 2022",2022-11-09 23:19:11 UTC,Amaranta Hernández,SRID=4326;POINT(-98.1676251814 19.0708933214),Efectivo,yes,0,más de 10 cuadras,Transporte público,1,0,CFE,no,Sistema de agua,no,Proveedor de gas,no,No lo hago,no,No lo hago,no,no,0,Male,Micro-restaurant (aka. fondita),(No tiene nombre) ,1 Photo
40,2.0,2.0,5.0,0.2,35.1,200.0,20.0,"November 9, 2022",2022-11-09 23:19:10 UTC,Amaranta Hernández,SRID=4326;POINT(-98.1671138853 19.071234278),Efectivo,yes,0,más de 10 cuadras,Automóvil,2,0,CFE,yes,Sistema de agua,yes,Proveedor de gas,yes,Banco,no,No lo hago,no,no,0,Male,Grocery store (aka. nanostore),El León,1 Photo
41,1.0,0.0,0.0,0.0,50.0,50.0,19.0,"November 9, 2022",2022-11-09 23:19:10 UTC,Amaranta Hernández,SRID=4326;POINT(-98.1671024859 19.0712311093),Efectivo,yes,0,más de 10 cuadras,Transporte público,1,0,CFE,yes,Sistema de agua,yes,Proveedor de gas,yes,Tienda de conveniencia (e.g. OXXO),yes,No lo hago,no,yes,Pago de servicios ,Female,Grocery store (aka. nanostore),El León ,1 Photo
42,2.0,0.0,0.0,0.0,0.0,0.0,22.0,"November 9, 2022",2022-11-09 23:19:09 UTC,Amaranta Hernández,SRID=4326;POINT(-98.1671789289 19.0711623476),Efectivo,yes,0,más de 10 cuadras,Transporte público,2,0,CFE,no,Sistema de agua,no,No lo hago,no,No lo hago,no,No lo hago,no,no,0,Male,Grocery store (aka. nanostore),La universitaria ,1 Photo
43,1.0,4.0,2.0,0.0,10.0,10.0,22.0,"November 9, 2022",2022-11-09 23:19:09 UTC,Amaranta Hernández,SRID=4326;POINT(-98.1671712175 19.0711626645),Efectivo,yes,0,más de 10 cuadras,Transporte público,1,0,En línea ,no,En línea ,no,Proveedor de gas,no,En línea ,yes,No lo hago,no,no,0,Male,Grocery store (aka. nanostore),La universitaria ,1 Photo
44,3.0,2.0,3.0,0.0,0.0,0.0,19.0,"November 9, 2022",2022-11-09 23:19:08 UTC,Amaranta Hernández,SRID=4326;POINT(-98.1671775877 19.0711556933),Efectivo,yes,0,más de 10 cuadras,Transporte público,3,0,Tienda de conveniencia (e.g. OXXO),no,No lo hago,no,Proveedor de gas,no,Tienda de conveniencia (e.g. OXXO),no,No lo hago,no,no,0,Female,Grocery store (aka. nanostore),La universitaria ,1 Photo
45,2.0,3.0,10.0,0.0,50.0,50.0,22.0,"November 9, 2022",2022-11-09 23:19:08 UTC,Amaranta Hernández,SRID=4326;POINT(-98.1676315516 19.0708949058),Efectivo,yes,0,0 a 3 cuadras,A pie,2,0,CFE,yes,Sistema de agua,yes,Proveedor de gas,yes,Banco,yes,Banco,yes,yes,Servicios ,Male,Micro-restaurant (aka. fondita),(No tiene nombre) ,1 Photo
46,2.0,6.0,5.0,0.0,40.0,40.0,20.0,"November 9, 2022",2022-11-09 23:19:07 UTC,Amaranta Hernández,SRID=4326;POINT(-98.1676261872 19.0708980745),Efectivo,yes,0,7 a 10 cuadras,A pie,2,0,Supermercado,yes,Sistema de agua,yes,Proveedor de gas,yes,Tienda de conveniencia (e.g. OXXO),yes,Tienda de conveniencia (e.g. OXXO),yes,yes,Pago de servicios ,Male,Micro-restaurant (aka. fondita),(No tiene nombre) ,1 Photo
47,2.0,1.0,8.0,0.0,50.0,100.0,18.0,"November 9, 2022",2022-11-09 23:19:07 UTC,Amaranta Hernández,SRID=4326;POINT(-98.1676328927 19.0708936383),Efectivo,yes,0,7 a 10 cuadras,Automóvil,2,0,CFE,no,Sistema de agua,no,Proveedor de gas,no,Banco,no,Banco,no,no,0,Male,Micro-restaurant (aka. fondita),(No tiene nombre),1 Photo
48,1.0,5.0,10.0,0.0,55.0,55.0,21.0,"November 9, 2022",2022-11-09 23:19:07 UTC,Amaranta Hernández,SRID=4326;POINT(-98.167602968 19.0706738863),Efectivo,yes,0,más de 10 cuadras,Automóvil,1,0,CFE,no,Sistema de agua,no,Proveedor de gas,no,Tienda de conveniencia (e.g. OXXO),no,No lo hago,no,no,0,Male,Cafeteria,Sagrado juguito ,0
49,1.0,0.0,1.0,1.0,5.0,5.0,22.0,"November 9, 2022",2022-11-09 23:19:06 UTC,Amaranta Hernández,SRID=4326;POINT(-98.1671702117 19.0711531583),Efectivo,yes,0,0 a 3 cuadras,Transporte público,1,0,CFE,no,No lo hago,no,Proveedor de gas,no,No lo hago,no,No lo hago,no,no,0,Female,Grocery store (aka. nanostore),La universitaria ,1 Photo
50,1.0,0.0,3.0,0.0,100.0,100.0,21.0,"November 9, 2022",2022-11-09 23:19:05 UTC,Amaranta Hernández,SRID=4326;POINT(-98.1670967862 19.0712510723),Efectivo,yes,0,más de 10 cuadras,Transporte público,1,0,CFE,no,Sistema de agua,no,Proveedor de gas,no,Tienda de conveniencia (e.g. OXXO),no,No lo hago,no,no,0,Male,Produce (fruits & vegetables),Hermanos Gonzales ,1 Photo
51,3.0,1.0,0.0,0.0,0.0,0.0,18.0,"November 9, 2022",2022-11-09 23:19:04 UTC,Amaranta Hernández,SRID=4326;POINT(-98.1671105325 19.0712311093),Efectivo,yes,0,más de 10 cuadras,Transporte público,3,0,CFE,no,Sistema de agua,no,Proveedor de gas,no,Tienda de conveniencia (e.g. OXXO),no,No lo hago,no,no,0,Male,Grocery store (aka. nanostore),El León,1 Photo
52,3.0,1.8,5.0,0.0,35.1,56.9,22.0,"November 9, 2022",2022-11-09 23:19:04 UTC,Amaranta Hernández,SRID=4326;POINT(-98.1671112031 19.0712238212),Efectivo,yes,0,más de 10 cuadras,Transporte público,3,0,En línea ,no,En línea ,no,En línea ,no,En línea ,no,No lo hago,no,yes,Servicio a domicilio ,Male,Grocery store (aka. nanostore),El León,1 Photo
53,2.0,2.0,1.0,0.0,50.0,50.0,24.0,"November 9, 2022",2022-11-09 23:19:03 UTC,Amaranta Hernández,SRID=4326;POINT(-98.1671145558 19.0712269899),Efectivo,yes,0,0 a 3 cuadras,A pie,2,0,No lo hago,no,No lo hago,no,No lo hago,no,Tienda de conveniencia (e.g. OXXO),no,No lo hago,no,yes,Entrega a domicilio ,Male,Grocery store (aka. nanostore),Tontería y tienda “El León”,1 Photo
54,1.0,3.0,0.0,0.0,0.0,0.0,22.0,"November 9, 2022",2022-11-09 23:19:03 UTC,Amaranta Hernández,SRID=4326;POINT(-98.1672017276 19.0713759206),Efectivo,yes,0,más de 10 cuadras,Transporte público,1,0,Banco,no,Sistema de agua,no,Proveedor de gas,no,Tienda de conveniencia (e.g. OXXO),no,No lo hago,no,no,0,Male,Grocery store (aka. nanostore),Lonchería Karina,1 Photo
55,1.0,0.0,0.0,0.0,30.0,30.0,20.0,"November 9, 2022",2022-11-09 23:19:02 UTC,Amaranta Hernández,SRID=4326;POINT(-98.1669915095 19.0716601559),Efectivo,yes,0,0 a 3 cuadras,A pie,1,0,No lo hago,no,No lo hago,no,No lo hago,no,Tienda de conveniencia (e.g. OXXO),no,No lo hago,no,no,0,Female,Cafeteria,Jugueria Cristy ,1 Photo
56,1.0,0.0,0.0,0.0,0.0,0.0,21.0,"November 9, 2022",2022-11-09 23:19:01 UTC,Amaranta Hernández,SRID=4326;POINT(-98.167033419 19.0716028019),Efectivo,yes,0,más de 10 cuadras,Transporte público,1,0,En línea ,no,En línea ,no,Proveedor de gas,no,Tienda de conveniencia (e.g. OXXO),no,Tienda de conveniencia (e.g. OXXO),no,no,0,Female,Micro-restaurant (aka. fondita),Antojitos las bilingües ,1 Photo
57,1.0,0.0,0.0,0.0,0.0,0.0,45.0,"November 9, 2022",2022-11-09 23:19:00 UTC,Amaranta Hernández,SRID=4326;POINT(-98.1670367718 19.0716009007),Efectivo,yes,0,7 a 10 cuadras,Automóvil,1,0,"CFE,Tienda de conveniencia (e.g. OXXO)",no,"Sistema de agua,Tienda de conveniencia (e.g. OXXO)",no,Tienda de conveniencia (e.g. OXXO),no,Tienda de conveniencia (e.g. OXXO),no,Tienda de conveniencia (e.g. OXXO),no,no,0,Male,Micro-restaurant (aka. fondita),Antojitos las Bilingües ,1 Photo
58,6.0,0.0,0.0,0.0,80.0,0.0,64.0,"November 9, 2022",2022-11-09 23:12:54 UTC,Gianluca De la rosa,SRID=4326;POINT(-98.1655981019 19.0722847115),Efectivo,yes,0,0 a 3 cuadras,A pie,6,0,"CFE,Supermercado",yes,"Sistema de agua,Supermercado",yes,"Proveedor de gas,Supermercado",yes,Fonda,yes,Banco,yes,yes,0,Female,Butcher shop,La Esmeralda ,1 Photo
59,4.0,2.0,2.7,2.0,50.0,56.9,50.0,"November 9, 2022",2022-11-09 23:12:54 UTC,Gianluca De la rosa,SRID=4326;POINT(-98.1664822251 19.0696102916),Efectivo,yes,0,0 a 3 cuadras,A pie,4,0,CFE,yes,Sistema de agua,yes,Proveedor de gas,yes,Fonda,yes,Banco,yes,yes,Pago de servicios ,Male,Micro-restaurant (aka. fondita),Donatelli Caffe D’Amici,1 Photo
60,1.0,2.0,3.0,0.0,40.0,100.0,19.0,"November 9, 2022",2022-11-09 23:12:54 UTC,Gianluca De la rosa,SRID=4326;POINT(-98.1673499197 19.0709443382),Efectivo,yes,0,más de 10 cuadras,Transporte público,1,0,Tienda de conveniencia (e.g. OXXO),yes,Tienda de conveniencia (e.g. OXXO),yes,Tienda de conveniencia (e.g. OXXO),yes,Tienda de conveniencia (e.g. OXXO),yes,Tienda de conveniencia (e.g. OXXO),yes,yes,Pago de servicios ,Male,Produce (fruits & vegetables),——,0
61,1.0,1.8,2.7,0.0,30.0,200.0,18.0,"November 9, 2022",2022-11-09 23:12:53 UTC,Gianluca De la rosa,SRID=4326;POINT(-98.1674313918 19.0708461071),Efectivo,yes,0,más de 10 cuadras,Automóvil,1,0,Tienda de conveniencia (e.g. OXXO),yes,Tienda de conveniencia (e.g. OXXO),yes,Tienda de conveniencia (e.g. OXXO),yes,Tienda de conveniencia (e.g. OXXO),yes,"Banco,Tienda de conveniencia (e.g. OXXO)",yes,yes,Pago de servicios ,Male,Micro-restaurant (aka. fondita),Maravillas ,1 Photo
62,5.0,0.0,0.0,0.0,0.0,100.0,26.0,"November 9, 2022",2022-11-09 23:12:52 UTC,Gianluca De la rosa,SRID=4326;POINT(-98.1675685197 19.0707038304),Efectivo,yes,0,más de 10 cuadras,Transporte público,5,0,Tienda de conveniencia (e.g. OXXO),no,Tienda de conveniencia (e.g. OXXO),no,Tienda de conveniencia (e.g. OXXO),no,Tienda de conveniencia (e.g. OXXO),no,Tienda de conveniencia (e.g. OXXO),no,no,0,Female,Grocery store (aka. nanostore),Super Tec,1 Photo
63,3.0,3.0,1.0,2.0,30.0,30.0,18.0,"November 9, 2022",2022-11-09 23:12:52 UTC,Gianluca De la rosa,SRID=4326;POINT(-98.1676165165 19.0708327664),Efectivo,yes,0,más de 10 cuadras,Transporte público,3,0,Tienda de conveniencia (e.g. OXXO),yes,Tienda de conveniencia (e.g. OXXO),yes,Tienda de conveniencia (e.g. OXXO),yes,Tienda de conveniencia (e.g. OXXO),yes,Tienda de conveniencia (e.g. OXXO),yes,yes,Pago de servicios ,Female,Micro-restaurant (aka. fondita),——,1 Photo
64,3.0,2.0,0.0,2.0,30.0,30.0,19.0,"November 9, 2022",2022-11-09 23:12:52 UTC,Gianluca De la rosa,SRID=4326;POINT(-98.1675953418 19.070659151),Efectivo,yes,0,más de 10 cuadras,Transporte público,3,0,No lo hago,yes,No lo hago,yes,No lo hago,yes,No lo hago,yes,No lo hago,yes,no,0,Male,Cafeteria,Sagrado Juguito ,0
65,1.0,1.8,6.0,0.2,100.0,100.0,18.0,"November 9, 2022",2022-11-09 23:12:51 UTC,Gianluca De la rosa,SRID=4326;POINT(-98.1671685353 19.0711506233),Efectivo,yes,0,más de 10 cuadras,Transporte público,1,0,CFE,yes,Sistema de agua,yes,Proveedor de gas,yes,Tienda de conveniencia (e.g. OXXO),yes,Banco,yes,yes,Pago de servicios ,Male,Grocery store (aka. nanostore),La Universitaria ,1 Photo
66,2.0,2.0,1.0,0.2,35.1,150.0,26.0,"November 9, 2022",2022-11-09 23:12:51 UTC,Gianluca De la rosa,SRID=4326;POINT(-98.1670884043 19.0712542411),Efectivo,yes,0,más de 10 cuadras,Transporte público,2,0,CFE,yes,Sistema de agua,yes,Proveedor de gas,yes,Fonda,yes,Fonda,yes,yes,Pago de servicios ,Male,Produce (fruits & vegetables),Pollería y Recauderia “Hnos González” ,0
67,3.0,5.0,3.0,0.0,80.0,100.0,18.0,"November 9, 2022",2022-11-09 23:12:50 UTC,Gianluca De la rosa,SRID=4326;POINT(-98.1670961156 19.0712460024),Tarjeta de débito y/o crédito,yes,0,más de 10 cuadras,Transporte público,3,0,"Banco,Tienda de conveniencia (e.g. OXXO)",no,"Banco,Tienda de conveniencia (e.g. OXXO)",no,"Banco,Tienda de conveniencia (e.g. OXXO)",no,Tienda de conveniencia (e.g. OXXO),no,"Banco,Tienda de conveniencia (e.g. OXXO)",no,yes,Retiro de efectivo ,Male,Grocery store (aka. nanostore),El León,1 Photo
68,4.0,2.0,2.0,0.0,35.1,150.0,23.0,"November 9, 2022",2022-11-09 23:12:50 UTC,Gianluca De la rosa,SRID=4326;POINT(-98.1670984626 19.0712466361),Efectivo,yes,0,más de 10 cuadras,Automóvil,4,0,Supermercado,no,Supermercado,no,Supermercado,no,Supermercado,no,Supermercado,no,no,0,Female,Grocery store (aka. nanostore),El León,1 Photo
69,5.0,1.0,0.0,0.0,100.0,20.0,22.0,"November 9, 2022",2022-11-09 23:12:49 UTC,Gianluca De la rosa,SRID=4326;POINT(-98.1670971215 19.0712472699),Efectivo,yes,0,más de 10 cuadras,Transporte público,5,0,Tienda de conveniencia (e.g. OXXO),no,Tienda de conveniencia (e.g. OXXO),no,Tienda de conveniencia (e.g. OXXO),no,Tienda de conveniencia (e.g. OXXO),no,Tienda de conveniencia (e.g. OXXO),no,no,0,Male,Grocery store (aka. nanostore),El león,1 Photo
70,2.0,2.0,5.0,2.0,80.0,150.0,21.0,"November 9, 2022",2022-11-09 23:12:49 UTC,Gianluca De la rosa,SRID=4326;POINT(-98.1671795994 19.071394933),Efectivo,yes,0,más de 10 cuadras,Transporte público,2,0,Tienda de conveniencia (e.g. OXXO),no,Tienda de conveniencia (e.g. OXXO),no,Tienda de conveniencia (e.g. OXXO),no,Tienda de conveniencia (e.g. OXXO),no,"Banco,Tienda de conveniencia (e.g. OXXO)",no,no,0,Male,Grocery store (aka. nanostore),Lonchería Karina,1 Photo
71,1.0,0.0,0.0,1.0,0.0,0.0,29.0,"November 9, 2022",2022-11-09 23:12:48 UTC,Gianluca De la rosa,SRID=4326;POINT(-98.1669918448 19.0716620572),Efectivo,yes,0,4 a 6 cuadras,A pie,1,0,Banco,no,Banco,no,Banco,no,Banco,no,Banco,no,no,0,Female,Cafeteria,Jugueria Cristy ,1 Photo
72,1.0,2.0,0.0,0.2,30.0,30.0,21.0,"November 9, 2022",2022-11-09 23:12:48 UTC,Gianluca De la rosa,SRID=4326;POINT(-98.167033419 19.0716069213),Efectivo,yes,0,más de 10 cuadras,Automóvil,1,0,CFE,no,Sistema de agua,no,Proveedor de gas,no,Fonda,no,Banco,no,yes,Variedad de alimentos ,Female,Micro-restaurant (aka. fondita),Antojitos “Las Bilingües” ,1 Photo
73,2.0,1.0,0.0,0.0,50.0,50.0,50.0,"November 9, 2022",2022-11-09 23:12:47 UTC,Gianluca De la rosa,SRID=4326;POINT(-98.1669918448 19.0716604728),Efectivo,yes,0,4 a 6 cuadras,Automóvil,2,0,Tienda de conveniencia (e.g. OXXO),no,Tienda de conveniencia (e.g. OXXO),no,Tienda de conveniencia (e.g. OXXO),no,Tienda de conveniencia (e.g. OXXO),no,Tienda de conveniencia (e.g. OXXO),no,no,0,Female,Cafeteria,Juguería Cristy,1 Photo
74,1.0,2.0,4.0,1.0,50.0,100.0,38.0,"November 7, 2022",2022-11-09 22:59:07 UTC,Ulises Núñez Bautista,SRID=4326;POINT(-98.2224064777 19.0578233591),Efectivo,yes,0,4 a 6 cuadras,A pie,1,0,Tienda de conveniencia (e.g. OXXO),no,"Sistema de agua,Supermercado",no,Proveedor de gas,no,No lo hago,yes,Tienda de conveniencia (e.g. OXXO),no,no,0,Male,Grocery store (aka. nanostore),OEM service ,1 Photo
75,1.0,0.0,0.0,0.0,20.0,50.0,50.0,"November 9, 2022",2022-11-09 22:48:37 UTC,Oscar Morales,SRID=4326;POINT(-98.2615284442 19.0192516253),Efectivo,yes,0,4 a 6 cuadras,A pie,1,0,CFE,no,Sistema de agua,no,Proveedor de gas,no,Tienda de conveniencia (e.g. OXXO),yes,No lo hago,no,no,0,Male,Micro-restaurant (aka. fondita),Buffet de tacos,1 Photo
76,1.0,2.0,3.0,0.0,0.0,50.0,28.0,"November 7, 2022",2022-11-08 14:55:09 UTC,Jorge Alberto Ostorga Flores,SRID=4326;POINT(-98.222345439 19.0579346723),Tarjeta de débito y/o crédito,yes,0,7 a 10 cuadras,Transporte público,1,0,Tienda de conveniencia (e.g. OXXO),no,Tienda de conveniencia (e.g. OXXO),no,Proveedor de gas,no,No lo hago,no,Tienda de conveniencia (e.g. OXXO),no,no,0,Male,Grocery store (aka. nanostore),ValTech,1 Photo
77,1.0,5.0,10.0,0.0,30.0,80.0,20.0,"November 7, 2022",2022-11-08 04:13:14 UTC,Danna María Mosqueda Hernández,SRID=4326;POINT(-98.2617088594 19.0187882027),Tarjeta de débito y/o crédito,yes,0,más de 10 cuadras,Automóvil,1,0,No lo hago,no,No lo hago,no,No lo hago,no,Tienda de conveniencia (e.g. OXXO),no,Banco,no,no,0,Male,Cafeteria,Rey Patata,1 Photo
78,3.0,1.0,5.0,0.0,50.0,120.0,25.0,"November 7, 2022",2022-11-08 04:13:13 UTC,Danna María Mosqueda Hernández,SRID=4326;POINT(-98.2625222119 19.0192133175),Efectivo,yes,0,más de 10 cuadras,Automóvil,3,0,"CFE,Tienda de conveniencia (e.g. OXXO)",no,"Banco,Sistema de agua,Tienda de conveniencia (e.g. OXXO)",no,"Banco,Proveedor de gas",no,"Banco,Tienda de conveniencia (e.g. OXXO)",no,Tienda de conveniencia (e.g. OXXO),no,no,0,Male,Micro-restaurant (aka. fondita),Los sabores,1 Photo
79,2.0,1.0,3.0,0.0,40.0,100.0,26.0,"November 7, 2022",2022-11-08 04:13:13 UTC,Danna María Mosqueda Hernández,SRID=4326;POINT(-98.2625588265 19.0196435072),Transferencia interbancaria,yes,0,4 a 6 cuadras,Bicicleta,2,0,"CFE,Tienda de conveniencia (e.g. OXXO)",no,"Sistema de agua,Tienda de conveniencia (e.g. OXXO)",no,"Mobile app,Proveedor de gas",no,"Mobile app,Tienda de conveniencia (e.g. OXXO)",no,"Banco,Tienda de conveniencia (e.g. OXXO)",no,no,0,Male,Micro-restaurant (aka. fondita),Cemitas del carmen ,1 Photo
80,3.0,2.0,6.0,0.0,30.0,80.0,22.0,"November 7, 2022",2022-11-08 04:13:12 UTC,Danna María Mosqueda Hernández,SRID=4326;POINT(-98.2624608 19.0200849669),Efectivo,yes,0,más de 10 cuadras,Automóvil,3,0,"CFE,Tienda de conveniencia (e.g. OXXO)",no,"Sistema de agua,Tienda de conveniencia (e.g. OXXO)",no,Proveedor de gas,no,"App,Tienda de conveniencia (e.g. OXXO)",no,App,no,yes,Más platillos,Female,Micro-restaurant (aka. fondita),El Brunch,1 Photo
81,4.0,0.0,0.0,0.2,30.0,50.0,36.0,"November 7, 2022",2022-11-08 04:13:11 UTC,Danna María Mosqueda Hernández,SRID=4326;POINT(-98.2611493421 19.022423871),Efectivo,yes,0,0 a 3 cuadras,A pie,4,0,Tienda de conveniencia (e.g. OXXO),no,"Sistema de agua,Tienda de conveniencia (e.g. OXXO)",no,Proveedor de gas,no,"Mobile app,Tienda de conveniencia (e.g. OXXO)",no,"Banco,Tienda de conveniencia (e.g. OXXO)",no,no,0,Female,Butcher shop,Mr. Green,1 Photo
82,1.0,2.0,4.0,0.0,40.0,90.0,33.0,"November 7, 2022",2022-11-08 04:13:11 UTC,Danna María Mosqueda Hernández,SRID=4326;POINT(-98.2608573122 19.0223302274),Transferencia interbancaria,yes,0,más de 10 cuadras,Automóvil,1,0,CFE,no,Sistema de agua,no,"Proveedor de gas,Tienda de conveniencia (e.g. OXXO)",no,Tienda de conveniencia (e.g. OXXO),no,"Banco,Tienda de conveniencia (e.g. OXXO)",no,no,0,Male,Micro-restaurant (aka. fondita),El sazón de la jarochita,1 Photo
83,1.0,1.0,2.0,0.2,30.0,50.0,42.0,"November 7, 2022",2022-11-08 04:13:10 UTC,Danna María Mosqueda Hernández,SRID=4326;POINT(-98.2599681058 19.0221065143),Tarjeta de débito y/o crédito,yes,0,4 a 6 cuadras,Transporte público,1,0,"CFE,Tienda de conveniencia (e.g. OXXO)",no,Sistema de agua,no,Proveedor de gas,no,Tienda de conveniencia (e.g. OXXO),no,Tienda de conveniencia (e.g. OXXO),no,no,0,Male,Grocery store (aka. nanostore),Superlim todo en limpieza ,1 Photo
84,1.0,3.0,4.0,0.0,80.0,120.0,19.0,"November 7, 2022",2022-11-08 04:13:09 UTC,Danna María Mosqueda Hernández,SRID=4326;POINT(-98.2606685814 19.0208645258),Efectivo,yes,0,más de 10 cuadras,Motocicleta,1,0,"CFE,Mobile app",no,"Mobile app,Sistema de agua",no,Proveedor de gas,no,Mobile app,no,"Mobile app,Tienda de conveniencia (e.g. OXXO)",no,no,0,Female,Cafeteria,La nueva michoacana,1 Photo
85,2.0,0.0,0.0,0.2,30.0,50.0,38.0,"November 7, 2022",2022-11-08 04:13:09 UTC,Danna María Mosqueda Hernández,SRID=4326;POINT(-98.2610308473 19.020214174),Efectivo,yes,0,0 a 3 cuadras,A pie,2,0,"Tienda de conveniencia (e.g. OXXO),Tiendita",no,"Sistema de agua,Tienda de conveniencia (e.g. OXXO)",no,Proveedor de gas,no,Tienda de conveniencia (e.g. OXXO),yes,"Banco,Tienda de conveniencia (e.g. OXXO)",no,no,0,Female,Grocery store (aka. nanostore),Alondra Desechables y materias primas,1 Photo
86,5.0,1.0,0.0,0.2,25.0,50.0,57.0,"November 7, 2022",2022-11-08 04:13:08 UTC,Danna María Mosqueda Hernández,SRID=4326;POINT(-98.2613938303 19.0194786072),Efectivo,yes,0,0 a 3 cuadras,A pie,5,0,Tienda de conveniencia (e.g. OXXO),yes,Sistema de agua,yes,Proveedor de gas,no,Tienda de conveniencia (e.g. OXXO),no,Tienda de conveniencia (e.g. OXXO),no,no,0,Female,Produce (fruits & vegetables),Súper Canasta ,1 Photo
87,1.0,2.0,5.0,0.2,50.0,80.0,30.0,"November 7, 2022",2022-11-08 04:13:08 UTC,Danna María Mosqueda Hernández,SRID=4326;POINT(-98.2606917086 19.0207468242),Efectivo,yes,0,0 a 3 cuadras,A pie,1,0,Tienda de conveniencia (e.g. OXXO),no,Sistema de agua,no,Proveedor de gas,no,Tienda de conveniencia (e.g. OXXO),no,"Banco,Tienda de conveniencia (e.g. OXXO)",no,no,0,Female,Dairy products,Estética Unisex Aislinn,1 Photo
88,3.0,1.0,6.0,0.2,30.0,50.0,25.0,"November 5, 2022",2022-11-08 04:10:09 UTC,Danna María Mosqueda Hernández,SRID=4326;POINT(-98.2615531596 19.0225102393),Efectivo,yes,0,4 a 6 cuadras,Automóvil,3,0,Tienda de conveniencia (e.g. OXXO),no,Tienda de conveniencia (e.g. OXXO),yes,Proveedor de gas,no,Tienda de conveniencia (e.g. OXXO),no,"Supermercado,Tienda de conveniencia (e.g. OXXO)",yes,no,0,Female,Butcher shop,Carnes Selectas Hermanos Flores,1 Photo
89,1.0,6.0,0.0,0.2,30.0,50.0,28.7,"November 5, 2022",2022-11-08 04:10:09 UTC,Danna María Mosqueda Hernández,SRID=4326;POINT(-98.2611456999 19.0222964781),No realizó compras,no,"Pantalón, blusa",4 a 6 cuadras,A pie,1,Más variedad de productos,CFE,yes,Sistema de agua,yes,Proveedor de gas,yes,"Banco,Tienda de conveniencia (e.g. OXXO)",yes,"Banco,Tienda de conveniencia (e.g. OXXO)",no,yes,Pago de servicios,Female,Grocery store (aka. nanostore),No mame,1 Photo
90,4.0,1.0,3.0,0.2,30.0,50.0,44.0,"November 5, 2022",2022-11-08 04:10:08 UTC,Danna María Mosqueda Hernández,SRID=4326;POINT(-98.2605484483 19.022131044),Efectivo,yes,0,0 a 3 cuadras,A pie,4,0,"CFE,Tienda de conveniencia (e.g. OXXO)",no,Sistema de agua,no,Proveedor de gas,no,"Tienda de conveniencia (e.g. OXXO),Tiendita",yes,No lo hago,no,no,0,Female,Grocery store (aka. nanostore),Tortillería “Rosales”,1 Photo
91,3.0,5.0,2.0,0.2,40.0,80.0,54.0,"November 5, 2022",2022-11-08 04:10:08 UTC,Danna María Mosqueda Hernández,SRID=4326;POINT(-98.2603235827 19.0217736923),Efectivo,yes,0,4 a 6 cuadras,A pie,3,0,"Tienda de conveniencia (e.g. OXXO),Tiendita",no,"Tienda de conveniencia (e.g. OXXO),Tiendita",no,Mobile app ,no,Tienda de conveniencia (e.g. OXXO),no,Banco,no,no,0,Female,Produce (fruits & vegetables),Frutas y verduras “Rafa”,1 Photo
92,1.0,5.0,12.0,0.0,80.0,150.0,19.0,"November 5, 2022",2022-11-08 04:10:07 UTC,Danna María Mosqueda Hernández,SRID=4326;POINT(-98.2605454513 19.0210555913),Efectivo,yes,0,más de 10 cuadras,Automóvil,1,0,Mobile app,no,Mobile app,no,Mobile app,no,Mobile app,no,Banco,no,no,0,Male,Cafeteria,Rico Pan Casero,1 Photo
93,2.0,4.0,4.0,2.0,30.0,75.0,28.0,"November 5, 2022",2022-11-08 04:10:07 UTC,Danna María Mosqueda Hernández,SRID=4326;POINT(-98.2606651265 19.0208187793),Efectivo,yes,0,4 a 6 cuadras,Bicicleta,2,0,App,no,"Supermercado,Tienda de conveniencia (e.g. OXXO)",no,Banco,no,"Banco,Supermercado,Tienda de conveniencia (e.g. OXXO)",no,Banco,no,no,0,Male,Grocery store (aka. nanostore),La nueva Michoacana ,1 Photo
94,1.0,2.0,0.0,0.2,25.0,60.0,52.0,"November 5, 2022",2022-11-08 04:10:06 UTC,Danna María Mosqueda Hernández,SRID=4326;POINT(-98.2618381108 19.0189637053),Efectivo,no,Clavos,0 a 3 cuadras,A pie,1,Más variedad de producto de ferretería ,Tienda de conveniencia (e.g. OXXO),no,Tienda de conveniencia (e.g. OXXO),no,Proveedor de gas,no,Tienda de conveniencia (e.g. OXXO),no,No lo hago,no,no,0,Male,Grocery store (aka. nanostore),Ferretería Robgas,1 Photo
95,1.0,5.0,2.7,0.0,50.0,100.0,17.0,"November 5, 2022",2022-11-08 04:10:06 UTC,Danna María Mosqueda Hernández,SRID=4326;POINT(-98.2614185927 19.0194155786),Efectivo,yes,0,0 a 3 cuadras,A pie,1,0,Tienda de conveniencia (e.g. OXXO),no,"Sistema de agua,Tienda de conveniencia (e.g. OXXO)",no,App móvil ,no,"Tienda de conveniencia (e.g. OXXO),Tiendita",no,Bancomer app,no,no,0,Female,Grocery store (aka. nanostore),Brillosos productos de limpieza,1 Photo
96,3.0,4.0,12.0,1.0,65.0,120.0,38.0,"November 5, 2022",2022-11-08 04:10:05 UTC,Danna María Mosqueda Hernández,SRID=4326;POINT(-98.2609013002 19.0203937492),Efectivo,yes,0,0 a 3 cuadras,A pie,3,0,Tienda de conveniencia (e.g. OXXO),no,Sistema de agua,no,Proveedor de gas,no,Tiendita,no,"Supermercado,Tienda de conveniencia (e.g. OXXO)",no,no,0,Female,Cafeteria,La Nueva Michoacana ,1 Photo
97,1.0,6.0,10.0,0.2,50.0,100.0,22.0,"November 5, 2022",2022-11-08 04:10:05 UTC,Danna María Mosqueda Hernández,SRID=4326;POINT(-98.261080552 19.020082159),Tarjeta de débito y/o crédito,yes,0,0 a 3 cuadras,A pie,1,0,"CFE,Other",yes,Supermercado,yes,Proveedor de gas,yes,Tienda de conveniencia (e.g. OXXO),yes,Transferencia ,yes,yes,Agua luz gas ,Female,Grocery store (aka. nanostore),Ferreterías Fénix ,1 Photo
98,1.0,0.0,0.0,0.2,100.0,80.0,35.0,"November 7, 2022",2022-11-07 23:25:53 UTC,Ulises Núñez Bautista,SRID=4326;POINT(-98.2224561327 19.0577741584),Efectivo,no,Castillo,más de 10 cuadras,Automóvil,1,0,Tienda de conveniencia (e.g. OXXO),no,Banco,no,Proveedor de gas,no,Tienda de conveniencia (e.g. OXXO),no,Tienda de conveniencia (e.g. OXXO),no,no,0,Male,Grocery store (aka. nanostore),Costetix,1 Photo
99,1.0,2.0,7.0,0.0,0.0,0.0,30.0,"November 7, 2022",2022-11-07 22:57:49 UTC,Jorge Alberto Ostorga Flores,SRID=4326;POINT(-98.2279899669 19.0598775644),Tarjeta de débito y/o crédito,yes,0,más de 10 cuadras,A pie,1,0,Tienda de conveniencia (e.g. OXXO),no,Sistema de agua,no,Proveedor de gas,no,No lo hago,no,No lo hago,no,no,0,Male,Dairy products,La Reina de Puebla,0
100,1.0,2.0,7.0,0.0,40.0,70.0,24.0,"November 7, 2022",2022-11-07 22:51:16 UTC,Ulises Núñez Bautista,SRID=4326;POINT(-98.2277619174 19.06009126),Tarjeta de débito y/o crédito,yes,0,más de 10 cuadras,A pie,1,0,Tienda de conveniencia (e.g. OXXO),no,Sistema de agua,no,Proveedor de gas,no,Plan telefónico ,no,App,no,no,0,Male,Micro-restaurant (aka. fondita),Don asador,1 Photo
101,1.0,0.0,0.0,0.0,0.0,0.0,45.0,"November 7, 2022",2022-11-07 22:51:15 UTC,Ulises Núñez Bautista,SRID=4326;POINT(-98.2223518282 19.0579026417),Efectivo,yes,0,0 a 3 cuadras,A pie,1,0,Banco,no,Banco,no,Proveedor de gas,no,No lo hago,no,No lo hago,no,no,0,Male,Grocery store (aka. nanostore),Ferretería Ambriz,1 Photo
102,1.0,6.0,5.0,0.0,0.0,0.0,18.0,"November 7, 2022",2022-11-07 22:41:08 UTC,Jorge Alberto Ostorga Flores,SRID=4326;POINT(-98.2277992196 19.0599489285),Tarjeta de débito y/o crédito,yes,0,más de 10 cuadras,Automóvil,1,0,CFE,no,Sistema de agua,no,Proveedor de gas,no,No lo hago,no,Banco,no,no,0,Male,Micro-restaurant (aka. fondita),Don Asador,0
103,1.0,1.8,4.0,0.0,0.0,0.0,22.0,"November 7, 2022",2022-11-07 22:41:07 UTC,Jorge Alberto Ostorga Flores,SRID=4326;POINT(-98.2278069689 19.0599946207),Tarjeta de débito y/o crédito,yes,0,más de 10 cuadras,Automóvil,1,0,CFE,no,Sistema de agua,no,Proveedor de gas,no,No lo hago,no,Banco,no,no,0,Male,Micro-restaurant (aka. fondita),Don Asador,0
104,1.0,0.0,0.0,2.0,50.0,100.0,45.0,"November 7, 2022",2022-11-07 22:41:07 UTC,Jorge Alberto Ostorga Flores,SRID=4326;POINT(-98.2279501444 19.0600125649),Efectivo,yes,0,más de 10 cuadras,Automóvil,1,0,CFE,no,Supermercado,no,Proveedor de gas,no,No lo hago,no,Supermercado,no,no,0,Female,Produce (fruits & vegetables),La Reina de Puebla,1 Photo
105,1.0,2.0,1.0,0.0,0.0,0.0,60.0,"November 7, 2022",2022-11-07 22:41:06 UTC,Jorge Alberto Ostorga Flores,SRID=4326;POINT(-98.2224507951 19.0579616816),Efectivo,yes,0,0 a 3 cuadras,A pie,1,0,Supermercado,no,Supermercado,no,No lo hago,no,Tiendita,no,No lo hago,no,no,0,Female,Grocery store (aka. nanostore),Splashbit,1 Photo
106,2.0,5.0,2.7,0.2,30.0,30.0,23.0,"November 5, 2022",2022-11-05 17:16:08 UTC,Gustavo Manzanilla,SRID=4326;POINT(-98.2208566368 19.0423914961),Tarjeta de débito y/o crédito,yes,0,7 a 10 cuadras,didi,2,0,Tienda de conveniencia (e.g. OXXO),no,"Banco,Tienda de conveniencia (e.g. OXXO),teléfono",no,"Banco,Supermercado,Tienda de conveniencia (e.g. OXXO),internet",no,"Tienda de conveniencia (e.g. OXXO),Tiendita",no,"Banco,Tienda de conveniencia (e.g. OXXO)",no,yes,Envio a domicilio sin costo,Female,Micro-restaurant (aka. fondita),Alto mexico,1 Photo
107,1.0,1.8,7.0,2.0,45.0,45.0,45.0,"November 5, 2022",2022-11-05 17:16:08 UTC,Gustavo Manzanilla,SRID=4326;POINT(-98.2198474556 19.0432139247),Tarjeta de débito y/o crédito,no,Ablandador de agujas,más de 10 cuadras,Automóvil,1,Articulos varios para cuando ya estas procesando los alimentos ,app,no,app,no,internet,no,No lo hago,no,"Banco,Tienda de conveniencia (e.g. OXXO)",yes,yes,Entrega a domicilio,Male,Dairy products,Dibagasa,1 Photo
108,2.0,1.8,12.0,0.0,70.0,150.0,18.0,"November 3, 2022",2022-11-03 20:32:56 UTC,Daniel Serrano,SRID=4326;POINT(-98.2641407847 19.0346021504),Efectivo,yes,0,4 km,Automóvil,2,0,No lo hago,yes,No lo hago,yes,No lo hago,yes,No lo hago,yes,No lo hago,yes,no,0,Male,Grocery store (aka. nanostore),Minisuper Rayitas,1 Photo
109,1.0,1.8,0.0,0.0,50.0,100.0,20.0,"November 3, 2022",2022-11-03 20:20:57 UTC,Daniel Serrano,SRID=4326;POINT(-98.2666493207 19.0350601336),Efectivo,yes,0,30 min,Automóvil,1,0,CFE,yes,Sistema de agua,yes,Proveedor de gas,yes,No lo hago,yes,linea,yes,yes,Los anteriores mencionados,Male,Grocery store (aka. nanostore),La universal ,1 Photo
110,1.0,1.8,10.0,0.0,100.0,100.0,15.0,"November 3, 2022",2022-11-03 20:15:32 UTC,Daniel Serrano,SRID=4326;POINT(-98.2671002671 19.0352236761),Efectivo,yes,0,20 min,Automóvil,1,0,No lo hago,no,No lo hago,no,No lo hago,no,No lo hago,no,No lo hago,no,no,0,Male,Micro-restaurant (aka. fondita),Taquería don Jorge ,1 Photo
111,1.0,1.0,1.0,0.0,50.0,70.0,21.0,"November 3, 2022",2022-11-03 20:05:31 UTC,Daniel Serrano,SRID=4326;POINT(-98.2678556442 19.0352804088),Efectivo,yes,0,30 min,Transporte público,1,0,No lo hago,no,No lo hago,no,No lo hago,no,No lo hago,no,No lo hago,no,no,0,Female,Cafeteria,La parrilla del lobo,1 Photo
112,1.0,3.0,2.0,0.0,0.0,0.0,18.0,"November 3, 2022",2022-11-03 20:04:35 UTC,Fernando Gonzálezinactivo,SRID=4326;POINT(-98.2678617 19.0354511),Efectivo,yes,0,0 a 3 cuadras,A pie,1,0,No lo hago,no,No lo hago,no,No lo hago,no,Tienda de conveniencia (e.g. OXXO),no,No lo hago,no,no,0,Male,Cafeteria,La Parrilla del lobo,1 Photo
113,1.0,2.0,4.0,0.0,30.0,100.0,18.0,"November 3, 2022",2022-11-03 20:04:34 UTC,Fernando Gonzálezinactivo,SRID=4326;POINT(-98.2678314 19.0354858),Efectivo,yes,0,más de 10 cuadras,Didi,1,0,No lo hago,no,No lo hago,no,No lo hago,no,Tienda de conveniencia (e.g. OXXO),no,No lo hago,no,no,0,Male,Cafeteria,Crudopolis,1 Photo
114,1.0,0.0,3.0,0.0,35.1,56.9,18.0,"November 3, 2022",2022-11-03 19:58:24 UTC,Daniel Serrano,SRID=4326;POINT(-98.2679243758 19.0353989453),Efectivo,yes,0,4 a 6 cuadras,Transporte público,1,0,No lo hago,no,No lo hago,no,No lo hago,no,No lo hago,no,No lo hago,no,no,0,Male,Cafeteria,Crudopolis ,1 Photo
